State,2023-11,2023-12,2024-01,2024-02,2024-03,2024-04,2024-05,2024-06,2024-07,2024-08,2024-09,2024-10,2024-11,2024-12,2025-01,2025-02,2025-03,2025-04,2025-05,2025-06,2025-07,2025-08,2025-09,2025-10,2025-11,2025-12,2026-01,2026-02,2026-03,2026-04,2026-05
Abia,900.769230769231,1080.0,1171.08675799087,1320.94051969178,1456.35752360026,1473.50923039363,1396.4178641183037,1335.4550374348958,1406.16666666667,1392.0,1372.1923076923076,1363.2333333333333,1329.1666666666667,1350.2,1508.1012763333335,1508.948902,1635.0327597222,1786.8504675776,1729.79850498381,1775.10026018681,1850.1002601868079,1606.0,1311.0,1425.22,1425.22,1412.3920400000002,1282.5,1390.11707595604,1653.009309436724,2405.5882395888034,3215.379369339974
Abuja,1100.0,1090.0,1226.7,1275.0,1338.0,1360.0,1254.0,1240.0,1254.4,1286.0,1262.25,1421.1,1433.9,1325.0,1960.0,2080.0,2100.0,1764.1666666666667,1800.16666666667,1818.83333333333,1718.83333333333,1510.93833333333,1283.81808333333,1370.1833333333334,1370.1833333333334,1383.214516666667,1332.3665533333333,1409.66666666667,1718.3494673522375,2492.9780197935456,3319.388228589593
Adamawa,1000.0,1200.0,1100.0,1037.5,1175.0,1257.5,1709.0,1657.5,1576.3999720982142,1528.6030578613281,1475.0,1552.5,1550.0,1500.0,1800.0,2000.0,2132.2,2284.3199999999997,2350.3199999999997,2355.32,2163.88,1765.44172707889,1517.93106929638,1402.775714285714,1428.8539714285712,1420.041155857143,1422.912508,1492.92438578763,1757.4539639239222,2684.9450820178085,3275.4309954948667
Akwa Ibom,960.625,1088.888888888889,1123.0,1525.0,1394.44444444444,1450.0,1450.0,1650.0,1343.75,1383.3333333333333,1592.857142857143,1562.857142857143,1406.6666666666667,1448.5,1714.2857142857142,1558.1632651428572,1709.11448959737,1693.526785625,1666.1899999175,1766.1899999175,1866.1899999175,1608.985,1277.3816666666667,1435.22,1437.6770666666669,1435.309604,1558.5228796133335,1587.18814467903,1895.718293472735,2496.7299486807337,3249.955042939069
Anambra,984.166666666667,1136.66666666667,1186.66666666667,1282.97820231823,1419.9946492513,1508.0416370738637,1442.6470588235295,1357.0535714285713,1361.742388044085,1343.527056012835,1296.7857142857142,1318.285140991211,1296.75,1310.7300109863281,1225.0,1241.6666666666667,1309.99083333333,1359.27497685185,1361.016975,1391.016975,1493.07833333333,1301.13636363636,1257.3295454545455,1393.3174999999999,1399.0674999999999,1400.3192375,1243.075,1256.76467239967,1698.29103573163,2694.2246977999994,3365.48837150961
Bauchi,1050.0,985.0,1050.0,1250.0,1457.5,1669.625,1657.22971191406,1669.625,1619.5411376953125,1927.3369954427083,2061.66666666667,2031.0,2232.0350341796875,2300.0,2000.0,1900.0,2067.37,1824.47,1852.9601,1852.9601,1852.9601,1616.9,1277.355,1386.2275000000002,1386.2275,1368.7822124999998,1449.618465625,1524.87210977259,1592.7295940492006,2515.6611892013943,3160.044754524091
Bayelsa,920.0,935.0,1154.0,1225.2,1400.0,1570.0,1435.0,1618.18181818182,1355.0,1390.0,1454.5454545454545,1527.7777777777778,1510.357142857143,1608.3333333333333,1700.0,1700.0,1700.0,1868.4,1915.472,2015.4720000000002,1943.472,1611.8575,1231.9825,1400.8525000000002,1435.0208,1441.6170625,1294.5109750000001,1336.84863799675,1489.6541738264345,2369.0057837414606,3131.6281746745276
Benue,1280.0,1180.0,1183.88888888889,1230.0,1244.6875,1456.25,1500.0,1375.0,1348.9375,1395.0499945746528,1508.3333333333333,1792.0,1770.5919921875,1780.0,1925.0,1975.0,2115.465,2419.30230769231,2441.46187692308,2541.461876923077,2341.46187692308,1724.17989417989,1227.857142857143,1357.7942857142857,1390.1334285714286,1376.0218671428572,1309.2055107142858,1404.54049586777,1506.93199527745,2309.7580321133414,2961.325532846098
Borno,1063.63636363636,1110.7692307692307,927.272727272727,1200.0,1311.11111111111,1652.611111111111,1592.361111111111,1652.611111111111,1694.1666666666667,1513.6499837239583,1501.0,1743.0,1751.1499837239583,1725.4797821044922,1550.0,1550.0,1550.0,1400.0,1446.9099999999999,1536.9099999999999,1536.9099999999999,1350.0,1500.0,1435.22,1442.5911999999998,1435.3782439999998,1480.0,1616.25243999386,1616.25243999386,2524.7808979177403,3226.6699875388713
Cross River,1042.5,1108.75,1154.28571428571,1433.33333333333,1532.71428571429,1531.25,1625.0,1920.85714285714,1391.25,1398.75,1465.7142857142858,1515.6666666666667,1454.7374877929701,1381.598583984375,1433.33333333333,1733.3333333333333,1733.33333333333,2009.1875,2028.3375,2128.3375,2036.5,1664.80718954248,1350.2067973856208,1429.6644444444441,1437.288133333333,1439.1740666666667,1295.915445104355,1395.49011839636,1603.892826362393,2457.045055736704,3388.8536407474394
Delta,957.7272727272727,1021.4285714285714,1091.42857142857,1241.66666666667,1400.42857142857,1431.25,1511.0,1707.142857142857,1346.6666666666667,1333.5,1430.0,1487.5,1447.857142857143,1475.0,1385.7142857142858,1242.85714285714,1389.82857142857,1660.5252,1710.167216,1810.1672160000003,1810.1672160000003,1610.71898601399,1193.8239458041958,1377.9853293181818,1377.9853293181818,1371.7786286920455,1323.4226258930692,1371.33045421766,1541.9686719089834,2379.315188053994,3198.6380993537605
Ebonyi,992.0,1141.6666666666667,1158.33333333333,1265.69833333333,1392.26814778646,1415.3307698567708,1320.0,1325.8333333333333,1279.724589029948,1301.875,1304.0625,1308.3333333333333,1288.8333333333333,1332.01416015625,1293.3735715,1293.8752581666668,1445.33661525,1564.70033828571,1533.73350820571,1652.61922249143,1748.05074285714,1524.29142857143,1265.932857142857,1398.01329,1398.01329,1383.8404535500001,1344.406683,1479.11651581965,2262.2870170189058,2754.0622645420963,3574.754611957276
Edo,1150.0,1187.5,1210.0,1383.33333333333,1566.66666666667,1443.75,1347.142857142857,1537.5,1266.6666666666667,1290.625,1368.75,1281.25,1331.4285714285713,1400.0,1372.2222222222222,1249.44444444444,1397.83938888889,1909.8577333333333,1962.646352,2062.646352,2011.5967593333335,1777.0,1330.625,1307.835,1327.371,1311.960435,1414.11220295,1429.38140351667,1748.845707339061,2640.1026324589848,3314.347832407356
Ekiti,1057.6923076923076,992.6666666666666,1204.07534246575,1175.0,1281.66666666667,1367.5,1300.0,1306.6666666666667,1277.5,1273.5714285714287,1241.4615384615386,1278.6470588235295,1285.6315789473683,1257.857142857143,1288.5714285714287,1271.4285714285713,1325.78571428571,1517.884375,1551.310125,1651.310125,1602.68,1434.01833333333,1145.3966666666668,1412.8376916666666,1421.6950948333333,1405.9028250000001,1311.5833333333333,1364.57502558091,1491.1899312132227,2352.7390079166958,3208.231181742028
Enugu,971.521739130435,1209.375,1194.44444444444,1287.72961281225,1382.10475376674,1518.4086143092106,1538.1818181818182,1474.8958333333333,1411.612811279297,1363.5472412109375,1341.0294117647059,1341.4375,1356.4615384615386,1422.5744493272568,1500.0,1500.0,1624.15,1778.7416666666668,1921.0410000000002,1921.0410000000002,1858.3743333333334,1612.5,1299.9,1468.2900000000002,1468.2900000000002,1465.6862250000001,1251.687075,1369.17224021486,1480.0584329523351,2342.408680421654,3157.4369456857785
Gombe,1100.0,1200.0,1200.0,1500.0,1375.0,1363.3333333333333,1443.75,1595.0,1382.3833414713542,1615.0,1615.0,1566.550048828125,1519.5535888671875,1479.17080078125,1400.0,1350.0,1441.735,1375.0,1385.0,1485.0,1485.0,1270.83333333333,1332.134,1382.198,1395.92064,1394.08769,1403.3044384452,1483.51783503349,1856.256425359193,2494.6902669002884,3192.0807225399985
Imo,950.0,1136.76470588235,1179.7619047619,1297.26529696673,1403.97568088108,1534.7945197610295,1545.1647658575148,1450.9694260817307,1398.3247539813701,1364.3943336123511,1375.6893696032073,1345.1136363636363,1323.4449890136718,1307.375,1360.0,1360.0,1453.896,1665.847142857143,1616.06134285714,1716.06134285714,1816.0613428571428,1655.96638655462,1242.8823529411764,1394.3966387142857,1406.1113815714284,1409.2204385807145,1319.327731152143,1423.67279252184,1557.0631277064235,2385.4542293831846,3171.9609343762672
Jigawa,1133.07692307692,1229.090909090909,1193.63636363636,1316.66666666667,1533.33333333333,1418.1818181818182,1283.3333333333333,1281.8181818181818,1312.0,1283.3333333333333,1335.8333333333333,1293.388888888889,1336.1538461538462,1433.3333333333333,1250.0,1250.0,1330.08333333333,1644.33258333333,1655.22995875,1655.22995875,1758.2,1496.00833333333,1177.856375,1437.4020833333332,1477.3075333333334,1436.8039415000003,1353.36941375,1432.22783746278,1600.1151508915984,2472.0440903203885,3442.977337824841
Kaduna,1183.4545454545455,1221.4285714285713,1100.0,1230.0,1461.81818181818,1320.8333333333333,1327.5,1521.4285714285713,1533.3333333333333,1930.78571428571,1511.5,1244.5,1330.5555555555557,1311.5384615384614,1320.0,1500.0,1724.15,1867.6980000000003,1979.736,2023.736,1994.518,1804.93333333333,1294.6866666666667,1418.5533333333333,1445.66653333333,1449.6965,1266.66666666667,1280.0,1678.9333333333334,2552.2007999999996,3535.842620729816
Kano,1066.0,1200.0,940.888888888889,1111.42857142857,1265.71428571429,1258.5714285714287,1153.3333333333333,1243.3333333333333,1211.111111111111,1358.5714285714287,1364.4444444444443,1404.2857142857142,1486.6666666666667,1405.55555555556,1670.0,1720.0,1800.692,2003.29784615385,2028.69350769231,2151.7704307692306,2027.9242769230768,1789.59,1279.4305,1422.0487692307688,1442.8452061538458,1408.0264537692308,1281.920358544149,1399.62017724046,1610.856269995381,2483.810980534766,3302.9629353308774
Katsina,1100.0,1165.625,1066.66666666667,1125.0,1336.36363636364,1305.5555555555557,1293.75,1422.2222222222222,1358.25968013468,1300.0,1350.0,1300.0,1433.3333333333333,1350.0,1463.3333333333333,1433.3333333333333,1643.07666666667,1780.9,1902.5737500000002,1902.5737500000002,1848.5487500000004,1650.83851851852,1184.5806666666667,1301.2388733333335,1315.7789323999998,1297.2366590899999,1310.6561766666666,1309.99075077951,1438.2461861263453,2269.141196767494,3131.7088520724938
Kebbi,925.0,1250.0,1433.33313333333,1400.0,1370.0,1380.0,1253.3333333333333,1340.0,1490.0,1406.25,1363.6363636363637,1368.0,1325.0,1340.0,1296.0,1345.25,1635.958525,1661.516775,1753.9358375,1753.9358375,1686.7315625,1418.302,1234.8869,1308.9432315000001,1308.9432315000001,1301.0956053,1382.3348168,1468.81681640194,1577.1800113375705,2180.2795106089316,3016.1448249285263
Kogi,1073.75,1011.6666666666666,1300.0,1280.55555555556,1234.42307692308,1152.5,1241.8696581196593,1296.4,1186.314163208,1321.2413330078089,1413.9306131998699,1314.9903971354167,1365.5646514892578,1282.5,1200.0,1200.0,1300.0,1300.0,1360.0,1400.0,1500.0,1339.51,1177.5345,1435.22,1435.22,1413.6917,1200.0,1220.0,1383.4,2192.7040682645284,2823.852839379679
Kwara,1167.5,1153.3333333333333,1134.70634920635,1444.0,1307.5,1345.7142857142858,1307.9801587301586,1345.7142857142858,1268.0,1291.1000104631696,1386.5835658482142,1444.1666666666667,1422.3416544596355,1433.3333333333333,1465.084015,1450.0,1350.0,1559.4052509375,1700.7826710125,1733.4526710125,1737.0826710125,1554.70666666667,1175.3381666666667,1396.9044444444444,1400.9027111111109,1396.05888,1397.7621086071438,1310.58252516543,1488.592540934774,2279.6758403417284,3136.144649693465
Lagos,1093.3333333333333,1157.8125,1199.79452054795,1161.66666666667,1231.25,1276.4705882352941,1299.5454545454545,1210.7692307692307,1261.5625,1237.142857142857,1305.5555555555557,1281.8333333333333,1262.375,1215.0,1324.4444444444443,1222.2222222222222,1386.34444444444,1489.6879999999999,1458.25748,1558.25748,1658.2574799999998,1515.6,1168.1100000000001,1435.22,1435.22,1425.17346,1560.82320461578,1625.10983606741,1642.6719833920693,2293.2740841085238,3150.4505949897484
Nasarawa,1100.0,1200.0,1146.0,1275.0,1285.0,1520.0,1453.125,1448.5,1389.5087524414062,1408.0199951171876,1380.625,1425.8,1466.125,1550.0,1735.0683142,1500.0,1781.82432332876,1931.3750269779998,2006.58962812184,2046.5896281218397,1901.057041084,1708.027100271,1519.6776422764233,1321.863875,1325.293875,1313.24733375,1379.349025,1381.2339132284,1852.3587276586413,2818.938152028743,3785.836482582041
Niger,1025.0,1062.5,1217.79333333333,1180.0,1140.0,1023.0,1140.1983333333333,1979.2307692307693,1321.4583333333333,1308.8300048828125,1322.2552083333333,1366.539990234375,1442.8033621651787,1481.25,1475.1637321428573,1515.1172042857143,1742.02220428571,1896.39694089375,1932.79576228375,1931.93826228375,1889.432838765,1512.62476190477,1386.5595238095295,1465.6915238000001,1477.5657638,1432.98793977,1276.0,1385.6,1548.0490611903297,2430.421780176143,3167.461622811281
Ogun,1107.14285714286,1118.0,1182.30593607306,1157.14285714286,1422.5,1457.0,1264.2857142857142,1239.1666666666667,1251.111111111111,1255.0,1380.0,1200.7142857142858,1258.076923076923,1231.6363636363637,1250.0,1275.0,1350.5275,1463.2175000000002,1504.44156666667,1650.4395666666665,1650.4395666666665,1468.66742857143,1180.7740571428571,1399.6148572000002,1402.3645257120002,1403.9373430834398,1230.5158197305,1183.30739394228,1532.647539183418,2425.9442317860603,3249.557760335826
Ondo,1104.1666666666667,1083.3333333333333,1172.51467710372,1173.07692307692,1271.11111111111,1383.3333333333333,1325.8333333333333,1356.6666666666667,1289.09090909091,1368.1818181818182,1507.0,1400.0,1386.4285714285713,1395.4545454545455,1401.0,1396.2857142999999,1396.2857143,1313.3333333333333,1318.4,1365.70666666667,1465.7066666666667,1282.0,1150.76,1393.2333333333336,1402.944066666667,1404.5620256666668,1382.3071723432276,1496.97338028895,1660.4431997553181,2317.210009487878,3028.601234855
Osun,1132.5,1136.3636363636363,1174.93911719939,1164.28571428571,1291.66666666667,1375.0,1395.0,1290.0,1246.8181818181818,1268.1818181818182,1287.857142857143,1425.0,1379.1666666666667,1363.6363636363637,1388.888888888889,1333.3333333333333,1451.83444444444,1759.62795,1843.040572222222,1843.040572222222,1757.1704,1523.84285714286,1245.3007142857143,1419.4742857142858,1436.4396571428572,1427.2569954285714,1427.59337402571,1466.43469556873,1872.1538301490327,2616.9678748388556,3421.3214500429526
Oyo,1046.15384615385,1102.5,1173.6195995785,1153.125,1253.23529411765,1405.0,1236.923076923077,1280.0,1273.3333333333333,1298.75,1276.4705882352941,1372.8125,1250.0,1348.6666666666667,1315.0,1415.0,1497.47816666667,1522.9057500000001,1643.6715433333331,1643.6715433333331,1580.1048766666665,1345.24028571429,1202.0497,1393.7257,1403.3043400000001,1389.6622212999998,1459.780045664,1470.60486695411,1621.9478959388111,2507.7830794434594,3307.1551911729694
Plateau,1120.0,1068.5714285714287,1226.69,1162.0,1067.25,1293.0,1287.235,1450.0,1510.7777777777778,1489.258327907986,1526.388888888889,1743.5714285714287,1704.45,1650.0,2002.441007,2000.0,2042.441007,2205.12728399167,2201.51685115833,2236.41778517667,2029.7103312850002,1831.83,1312.5525,1422.72,1443.7861,1428.3494680000001,1449.77882725,1563.54105807585,1654.0582224212244,2655.2982550844617,3576.4010805755147
Rivers,875.0,897.8571428571429,1008.88888888889,1250.0,1221.85714285714,1344.4444444444443,1375.0,1433.3333333333333,1350.0,1385.0,1533.3333333333333,1335.0,1477.5,1471.4285714285713,1406.25,1318.75,1464.56375,1852.8619555555556,1860.34938477778,2000.34938477778,1983.92666666667,1721.375,1220.44375,1371.52125,1388.13575,1383.15328125,1439.610234635011,1478.27227085409,1572.9440816567187,2462.501754733621,3428.7155245138492
Sokoto,1183.3333333333333,1300.0,1125.0,1383.33333333333,1200.0,1400.0,1675.0,1487.5,1457.142857142857,1575.0,1433.3333333333333,1500.0,1537.5,1575.0,1600.0,1600.0,1600.0,1593.75,1500.0,1607.195,1600.0,1443.5,1266.325,1428.810125,1428.810125,1434.204175625,1470.45542508762,1554.63539830301,1759.0478983030098,2570.562521626698,3514.1643949935233
Taraba,940.0,1050.0,988.333333333333,1133.33333333333,1325.83333333333,1742.4583333333333,1636.2237548828125,1742.4583333333333,1721.789501953125,1638.1423095703126,1369.1666666666667,1438.8349975585938,1481.3766682942708,1537.7836100260417,1700.0,1600.0,1645.76,1899.9974000000002,1940.0674000000001,1928.0,1807.195,1606.4,1348.1979999999999,1368.1760000000002,1389.448,1396.7567600000002,1453.5,1525.5,1757.8349999999998,2704.7590920125317,3489.197843160826
Yobe,1100.0,1250.0,1178.57142857143,1255.0,1510.0,1637.25,1596.8964320591517,1637.25,1610.8212585449219,1504.6332763671876,1470.0,1571.8333604600693,1522.560546875,1467.5212925502233,1600.0,1650.0,1600.0,1600.0,1628.0,1638.0,1728.0,1510.68235294118,1365.6482352941177,1425.22,1425.22,1429.6146800000001,1376.41756,1335.85189531262,1755.127407950348,2693.165195986742,3394.995885535807
Zamfara,1100.0,1225.0,1182.595,1225.0,1362.114,1315.7142857142858,1333.3333333333333,1250.0,1284.0,1295.7142857142858,1312.5,1460.0,1376.25,1314.2857142857142,1280.0,1300.0,1300.0,1503.2857142857142,1564.80285714286,1560.17085714286,1470.34864571429,1250.34714285714,1342.6657142857143,1403.66,1422.77228571429,1434.0524414285715,1242.8235629449737,1322.61972383832,1502.4969159424986,2337.36348853602,3251.4268160438282
